{
  "hash": "5bf041ba",
  "configHash": "1639971e",
  "lockfileHash": "42db2f35",
  "browserHash": "f497b547",
  "optimized": {
    "@astrojs/react/client.js": {
      "src": "../../@astrojs/react/dist/client.js",
      "file": "@astrojs_react_client__js.js",
      "fileHash": "781a87bc",
      "needsInterop": false
    },
    "react": {
      "src": "../../react/index.js",
      "file": "react.js",
      "fileHash": "5d717fa6",
      "needsInterop": true
    },
    "react-dom": {
      "src": "../../react-dom/index.js",
      "file": "react-dom.js",
      "fileHash": "c256f330",
      "needsInterop": true
    },
    "react/jsx-dev-runtime": {
      "src": "../../react/jsx-dev-runtime.js",
      "file": "react_jsx-dev-runtime.js",
      "fileHash": "60bcac06",
      "needsInterop": true
    },
    "react/jsx-runtime": {
      "src": "../../react/jsx-runtime.js",
      "file": "react_jsx-runtime.js",
      "fileHash": "b0079c51",
      "needsInterop": true
    },
    "astro > cssesc": {
      "src": "../../cssesc/cssesc.js",
      "file": "astro___cssesc.js",
      "fileHash": "9f085e40",
      "needsInterop": true
    },
    "astro > aria-query": {
      "src": "../../aria-query/lib/index.js",
      "file": "astro___aria-query.js",
      "fileHash": "a6ebcb9f",
      "needsInterop": true
    },
    "astro > axobject-query": {
      "src": "../../axobject-query/lib/index.js",
      "file": "astro___axobject-query.js",
      "fileHash": "f5b59343",
      "needsInterop": true
    },
    "@radix-ui/react-accordion": {
      "src": "../../@radix-ui/react-accordion/dist/index.mjs",
      "file": "@radix-ui_react-accordion.js",
      "fileHash": "b61011cc",
      "needsInterop": false
    },
    "@radix-ui/react-alert-dialog": {
      "src": "../../@radix-ui/react-alert-dialog/dist/index.mjs",
      "file": "@radix-ui_react-alert-dialog.js",
      "fileHash": "2dba2039",
      "needsInterop": false
    },
    "@radix-ui/react-aspect-ratio": {
      "src": "../../@radix-ui/react-aspect-ratio/dist/index.mjs",
      "file": "@radix-ui_react-aspect-ratio.js",
      "fileHash": "4ead7b0a",
      "needsInterop": false
    },
    "@radix-ui/react-avatar": {
      "src": "../../@radix-ui/react-avatar/dist/index.mjs",
      "file": "@radix-ui_react-avatar.js",
      "fileHash": "5bec3743",
      "needsInterop": false
    },
    "@radix-ui/react-checkbox": {
      "src": "../../@radix-ui/react-checkbox/dist/index.mjs",
      "file": "@radix-ui_react-checkbox.js",
      "fileHash": "42614aca",
      "needsInterop": false
    },
    "@radix-ui/react-collapsible": {
      "src": "../../@radix-ui/react-collapsible/dist/index.mjs",
      "file": "@radix-ui_react-collapsible.js",
      "fileHash": "01ccfede",
      "needsInterop": false
    },
    "@radix-ui/react-context-menu": {
      "src": "../../@radix-ui/react-context-menu/dist/index.mjs",
      "file": "@radix-ui_react-context-menu.js",
      "fileHash": "073ff3e9",
      "needsInterop": false
    },
    "@radix-ui/react-dialog": {
      "src": "../../@radix-ui/react-dialog/dist/index.mjs",
      "file": "@radix-ui_react-dialog.js",
      "fileHash": "0a2380e0",
      "needsInterop": false
    },
    "@radix-ui/react-dropdown-menu": {
      "src": "../../@radix-ui/react-dropdown-menu/dist/index.mjs",
      "file": "@radix-ui_react-dropdown-menu.js",
      "fileHash": "8cf4b77b",
      "needsInterop": false
    },
    "@radix-ui/react-hover-card": {
      "src": "../../@radix-ui/react-hover-card/dist/index.mjs",
      "file": "@radix-ui_react-hover-card.js",
      "fileHash": "90c2fe4c",
      "needsInterop": false
    },
    "@radix-ui/react-label": {
      "src": "../../@radix-ui/react-label/dist/index.mjs",
      "file": "@radix-ui_react-label.js",
      "fileHash": "cd6897b5",
      "needsInterop": false
    },
    "@radix-ui/react-menubar": {
      "src": "../../@radix-ui/react-menubar/dist/index.mjs",
      "file": "@radix-ui_react-menubar.js",
      "fileHash": "fee11f91",
      "needsInterop": false
    },
    "@radix-ui/react-navigation-menu": {
      "src": "../../@radix-ui/react-navigation-menu/dist/index.mjs",
      "file": "@radix-ui_react-navigation-menu.js",
      "fileHash": "3a12fa10",
      "needsInterop": false
    },
    "@radix-ui/react-popover": {
      "src": "../../@radix-ui/react-popover/dist/index.mjs",
      "file": "@radix-ui_react-popover.js",
      "fileHash": "59ef62c9",
      "needsInterop": false
    },
    "@radix-ui/react-progress": {
      "src": "../../@radix-ui/react-progress/dist/index.mjs",
      "file": "@radix-ui_react-progress.js",
      "fileHash": "a53a8fe2",
      "needsInterop": false
    },
    "@radix-ui/react-radio-group": {
      "src": "../../@radix-ui/react-radio-group/dist/index.mjs",
      "file": "@radix-ui_react-radio-group.js",
      "fileHash": "9c7fedfb",
      "needsInterop": false
    },
    "@radix-ui/react-scroll-area": {
      "src": "../../@radix-ui/react-scroll-area/dist/index.mjs",
      "file": "@radix-ui_react-scroll-area.js",
      "fileHash": "d41924cd",
      "needsInterop": false
    },
    "@radix-ui/react-select": {
      "src": "../../@radix-ui/react-select/dist/index.mjs",
      "file": "@radix-ui_react-select.js",
      "fileHash": "db5ffd33",
      "needsInterop": false
    },
    "@radix-ui/react-separator": {
      "src": "../../@radix-ui/react-separator/dist/index.mjs",
      "file": "@radix-ui_react-separator.js",
      "fileHash": "4b934c15",
      "needsInterop": false
    },
    "@radix-ui/react-slider": {
      "src": "../../@radix-ui/react-slider/dist/index.mjs",
      "file": "@radix-ui_react-slider.js",
      "fileHash": "e629d743",
      "needsInterop": false
    },
    "@radix-ui/react-slot": {
      "src": "../../@radix-ui/react-slot/dist/index.mjs",
      "file": "@radix-ui_react-slot.js",
      "fileHash": "38234c1c",
      "needsInterop": false
    },
    "@radix-ui/react-switch": {
      "src": "../../@radix-ui/react-switch/dist/index.mjs",
      "file": "@radix-ui_react-switch.js",
      "fileHash": "f8963cf4",
      "needsInterop": false
    },
    "@radix-ui/react-tabs": {
      "src": "../../@radix-ui/react-tabs/dist/index.mjs",
      "file": "@radix-ui_react-tabs.js",
      "fileHash": "b8499063",
      "needsInterop": false
    },
    "@radix-ui/react-toggle": {
      "src": "../../@radix-ui/react-toggle/dist/index.mjs",
      "file": "@radix-ui_react-toggle.js",
      "fileHash": "6fe6d380",
      "needsInterop": false
    },
    "@radix-ui/react-toggle-group": {
      "src": "../../@radix-ui/react-toggle-group/dist/index.mjs",
      "file": "@radix-ui_react-toggle-group.js",
      "fileHash": "bfad3e16",
      "needsInterop": false
    },
    "@radix-ui/react-tooltip": {
      "src": "../../@radix-ui/react-tooltip/dist/index.mjs",
      "file": "@radix-ui_react-tooltip.js",
      "fileHash": "67105e03",
      "needsInterop": false
    },
    "class-variance-authority": {
      "src": "../../class-variance-authority/dist/index.mjs",
      "file": "class-variance-authority.js",
      "fileHash": "3f76326d",
      "needsInterop": false
    },
    "clsx": {
      "src": "../../clsx/dist/clsx.mjs",
      "file": "clsx.js",
      "fileHash": "667b041d",
      "needsInterop": false
    },
    "cmdk": {
      "src": "../../cmdk/dist/index.mjs",
      "file": "cmdk.js",
      "fileHash": "44600c29",
      "needsInterop": false
    },
    "embla-carousel-react": {
      "src": "../../embla-carousel-react/esm/embla-carousel-react.esm.js",
      "file": "embla-carousel-react.js",
      "fileHash": "46407d41",
      "needsInterop": false
    },
    "input-otp": {
      "src": "../../input-otp/dist/index.mjs",
      "file": "input-otp.js",
      "fileHash": "86adaa62",
      "needsInterop": false
    },
    "lucide-react": {
      "src": "../../lucide-react/dist/esm/lucide-react.js",
      "file": "lucide-react.js",
      "fileHash": "bc7578c0",
      "needsInterop": false
    },
    "next-themes": {
      "src": "../../next-themes/dist/index.mjs",
      "file": "next-themes.js",
      "fileHash": "e894e2e9",
      "needsInterop": false
    },
    "react-day-picker": {
      "src": "../../react-day-picker/dist/esm/index.js",
      "file": "react-day-picker.js",
      "fileHash": "06344e04",
      "needsInterop": false
    },
    "react-hook-form": {
      "src": "../../react-hook-form/dist/index.esm.mjs",
      "file": "react-hook-form.js",
      "fileHash": "829cb4b4",
      "needsInterop": false
    },
    "react-resizable-panels": {
      "src": "../../react-resizable-panels/dist/react-resizable-panels.browser.development.js",
      "file": "react-resizable-panels.js",
      "fileHash": "84e6786f",
      "needsInterop": false
    },
    "recharts": {
      "src": "../../recharts/es6/index.js",
      "file": "recharts.js",
      "fileHash": "2d71e95a",
      "needsInterop": false
    },
    "sonner": {
      "src": "../../sonner/dist/index.mjs",
      "file": "sonner.js",
      "fileHash": "e31df216",
      "needsInterop": false
    },
    "tailwind-merge": {
      "src": "../../tailwind-merge/dist/bundle-mjs.mjs",
      "file": "tailwind-merge.js",
      "fileHash": "9028e97e",
      "needsInterop": false
    },
    "vaul": {
      "src": "../../vaul/dist/index.mjs",
      "file": "vaul.js",
      "fileHash": "840f07fd",
      "needsInterop": false
    }
  },
  "chunks": {
    "chunk-FVPA37GV": {
      "file": "chunk-FVPA37GV.js"
    },
    "chunk-U7P2NEEE": {
      "file": "chunk-U7P2NEEE.js"
    },
    "chunk-6ZMM2PAV": {
      "file": "chunk-6ZMM2PAV.js"
    },
    "chunk-6MMAXDTD": {
      "file": "chunk-6MMAXDTD.js"
    },
    "chunk-74NEE2QF": {
      "file": "chunk-74NEE2QF.js"
    },
    "chunk-RCNA3WZR": {
      "file": "chunk-RCNA3WZR.js"
    },
    "chunk-ERINFNV3": {
      "file": "chunk-ERINFNV3.js"
    },
    "chunk-SAMVSM22": {
      "file": "chunk-SAMVSM22.js"
    },
    "chunk-3Z54LYP6": {
      "file": "chunk-3Z54LYP6.js"
    },
    "chunk-KWRGRK7X": {
      "file": "chunk-KWRGRK7X.js"
    },
    "chunk-OPONFZA3": {
      "file": "chunk-OPONFZA3.js"
    },
    "chunk-L6ZY4NNY": {
      "file": "chunk-L6ZY4NNY.js"
    },
    "chunk-FZJXVMCH": {
      "file": "chunk-FZJXVMCH.js"
    },
    "chunk-MGOVWKJS": {
      "file": "chunk-MGOVWKJS.js"
    },
    "chunk-QRFAPQO3": {
      "file": "chunk-QRFAPQO3.js"
    },
    "chunk-SN7HBDFX": {
      "file": "chunk-SN7HBDFX.js"
    },
    "chunk-TO6ZGO4S": {
      "file": "chunk-TO6ZGO4S.js"
    },
    "chunk-SA26UXSM": {
      "file": "chunk-SA26UXSM.js"
    },
    "chunk-B256W5QW": {
      "file": "chunk-B256W5QW.js"
    },
    "chunk-TKP3J66X": {
      "file": "chunk-TKP3J66X.js"
    },
    "chunk-5Q5YC75F": {
      "file": "chunk-5Q5YC75F.js"
    },
    "chunk-LQU5UVUU": {
      "file": "chunk-LQU5UVUU.js"
    },
    "chunk-LT73IJ6Q": {
      "file": "chunk-LT73IJ6Q.js"
    },
    "chunk-CXTKFV74": {
      "file": "chunk-CXTKFV74.js"
    },
    "chunk-HNQ2JAKP": {
      "file": "chunk-HNQ2JAKP.js"
    },
    "chunk-MANNBT4V": {
      "file": "chunk-MANNBT4V.js"
    },
    "chunk-MR5CW7VY": {
      "file": "chunk-MR5CW7VY.js"
    },
    "chunk-NZP3G7XT": {
      "file": "chunk-NZP3G7XT.js"
    },
    "chunk-DC5AMYBS": {
      "file": "chunk-DC5AMYBS.js"
    }
  }
}