{
  "hash": "5bf041ba",
  "configHash": "1639971e",
  "lockfileHash": "42db2f35",
  "browserHash": "f497b547",
  "optimized": {
    "@astrojs/react/client.js": {
      "src": "../../@astrojs/react/dist/client.js",
      "file": "@astrojs_react_client__js.js",
      "fileHash": "85464cff",
      "needsInterop": false
    },
    "react": {
      "src": "../../react/index.js",
      "file": "react.js",
      "fileHash": "30a10bce",
      "needsInterop": true
    },
    "react-dom": {
      "src": "../../react-dom/index.js",
      "file": "react-dom.js",
      "fileHash": "a530b0d1",
      "needsInterop": true
    },
    "react/jsx-dev-runtime": {
      "src": "../../react/jsx-dev-runtime.js",
      "file": "react_jsx-dev-runtime.js",
      "fileHash": "db19b580",
      "needsInterop": true
    },
    "react/jsx-runtime": {
      "src": "../../react/jsx-runtime.js",
      "file": "react_jsx-runtime.js",
      "fileHash": "36e38f45",
      "needsInterop": true
    },
    "astro > cssesc": {
      "src": "../../cssesc/cssesc.js",
      "file": "astro___cssesc.js",
      "fileHash": "31227eea",
      "needsInterop": true
    },
    "astro > aria-query": {
      "src": "../../aria-query/lib/index.js",
      "file": "astro___aria-query.js",
      "fileHash": "10ef1065",
      "needsInterop": true
    },
    "astro > axobject-query": {
      "src": "../../axobject-query/lib/index.js",
      "file": "astro___axobject-query.js",
      "fileHash": "f2a5201c",
      "needsInterop": true
    },
    "@radix-ui/react-accordion": {
      "src": "../../@radix-ui/react-accordion/dist/index.mjs",
      "file": "@radix-ui_react-accordion.js",
      "fileHash": "a0221de4",
      "needsInterop": false
    },
    "@radix-ui/react-alert-dialog": {
      "src": "../../@radix-ui/react-alert-dialog/dist/index.mjs",
      "file": "@radix-ui_react-alert-dialog.js",
      "fileHash": "c918177d",
      "needsInterop": false
    },
    "@radix-ui/react-aspect-ratio": {
      "src": "../../@radix-ui/react-aspect-ratio/dist/index.mjs",
      "file": "@radix-ui_react-aspect-ratio.js",
      "fileHash": "e3819681",
      "needsInterop": false
    },
    "@radix-ui/react-avatar": {
      "src": "../../@radix-ui/react-avatar/dist/index.mjs",
      "file": "@radix-ui_react-avatar.js",
      "fileHash": "144e68b2",
      "needsInterop": false
    },
    "@radix-ui/react-checkbox": {
      "src": "../../@radix-ui/react-checkbox/dist/index.mjs",
      "file": "@radix-ui_react-checkbox.js",
      "fileHash": "bdf82c76",
      "needsInterop": false
    },
    "@radix-ui/react-collapsible": {
      "src": "../../@radix-ui/react-collapsible/dist/index.mjs",
      "file": "@radix-ui_react-collapsible.js",
      "fileHash": "946d5e2d",
      "needsInterop": false
    },
    "@radix-ui/react-context-menu": {
      "src": "../../@radix-ui/react-context-menu/dist/index.mjs",
      "file": "@radix-ui_react-context-menu.js",
      "fileHash": "fe61d63f",
      "needsInterop": false
    },
    "@radix-ui/react-dialog": {
      "src": "../../@radix-ui/react-dialog/dist/index.mjs",
      "file": "@radix-ui_react-dialog.js",
      "fileHash": "084811e9",
      "needsInterop": false
    },
    "@radix-ui/react-dropdown-menu": {
      "src": "../../@radix-ui/react-dropdown-menu/dist/index.mjs",
      "file": "@radix-ui_react-dropdown-menu.js",
      "fileHash": "3e59ca32",
      "needsInterop": false
    },
    "@radix-ui/react-hover-card": {
      "src": "../../@radix-ui/react-hover-card/dist/index.mjs",
      "file": "@radix-ui_react-hover-card.js",
      "fileHash": "60dc874a",
      "needsInterop": false
    },
    "@radix-ui/react-label": {
      "src": "../../@radix-ui/react-label/dist/index.mjs",
      "file": "@radix-ui_react-label.js",
      "fileHash": "6fc0808c",
      "needsInterop": false
    },
    "@radix-ui/react-menubar": {
      "src": "../../@radix-ui/react-menubar/dist/index.mjs",
      "file": "@radix-ui_react-menubar.js",
      "fileHash": "13efb08c",
      "needsInterop": false
    },
    "@radix-ui/react-navigation-menu": {
      "src": "../../@radix-ui/react-navigation-menu/dist/index.mjs",
      "file": "@radix-ui_react-navigation-menu.js",
      "fileHash": "2f844881",
      "needsInterop": false
    },
    "@radix-ui/react-popover": {
      "src": "../../@radix-ui/react-popover/dist/index.mjs",
      "file": "@radix-ui_react-popover.js",
      "fileHash": "0b240056",
      "needsInterop": false
    },
    "@radix-ui/react-progress": {
      "src": "../../@radix-ui/react-progress/dist/index.mjs",
      "file": "@radix-ui_react-progress.js",
      "fileHash": "fb711e10",
      "needsInterop": false
    },
    "@radix-ui/react-radio-group": {
      "src": "../../@radix-ui/react-radio-group/dist/index.mjs",
      "file": "@radix-ui_react-radio-group.js",
      "fileHash": "d61457ef",
      "needsInterop": false
    },
    "@radix-ui/react-scroll-area": {
      "src": "../../@radix-ui/react-scroll-area/dist/index.mjs",
      "file": "@radix-ui_react-scroll-area.js",
      "fileHash": "553610d6",
      "needsInterop": false
    },
    "@radix-ui/react-select": {
      "src": "../../@radix-ui/react-select/dist/index.mjs",
      "file": "@radix-ui_react-select.js",
      "fileHash": "372a2493",
      "needsInterop": false
    },
    "@radix-ui/react-separator": {
      "src": "../../@radix-ui/react-separator/dist/index.mjs",
      "file": "@radix-ui_react-separator.js",
      "fileHash": "92d56ff3",
      "needsInterop": false
    },
    "@radix-ui/react-slider": {
      "src": "../../@radix-ui/react-slider/dist/index.mjs",
      "file": "@radix-ui_react-slider.js",
      "fileHash": "edbb5223",
      "needsInterop": false
    },
    "@radix-ui/react-slot": {
      "src": "../../@radix-ui/react-slot/dist/index.mjs",
      "file": "@radix-ui_react-slot.js",
      "fileHash": "345f587c",
      "needsInterop": false
    },
    "@radix-ui/react-switch": {
      "src": "../../@radix-ui/react-switch/dist/index.mjs",
      "file": "@radix-ui_react-switch.js",
      "fileHash": "1b348e45",
      "needsInterop": false
    },
    "@radix-ui/react-tabs": {
      "src": "../../@radix-ui/react-tabs/dist/index.mjs",
      "file": "@radix-ui_react-tabs.js",
      "fileHash": "e431cd99",
      "needsInterop": false
    },
    "@radix-ui/react-toggle": {
      "src": "../../@radix-ui/react-toggle/dist/index.mjs",
      "file": "@radix-ui_react-toggle.js",
      "fileHash": "c47f97a7",
      "needsInterop": false
    },
    "@radix-ui/react-toggle-group": {
      "src": "../../@radix-ui/react-toggle-group/dist/index.mjs",
      "file": "@radix-ui_react-toggle-group.js",
      "fileHash": "e3063ba5",
      "needsInterop": false
    },
    "@radix-ui/react-tooltip": {
      "src": "../../@radix-ui/react-tooltip/dist/index.mjs",
      "file": "@radix-ui_react-tooltip.js",
      "fileHash": "5fe3a2b5",
      "needsInterop": false
    },
    "class-variance-authority": {
      "src": "../../class-variance-authority/dist/index.mjs",
      "file": "class-variance-authority.js",
      "fileHash": "4b507647",
      "needsInterop": false
    },
    "clsx": {
      "src": "../../clsx/dist/clsx.mjs",
      "file": "clsx.js",
      "fileHash": "7a45e7e7",
      "needsInterop": false
    },
    "cmdk": {
      "src": "../../cmdk/dist/index.mjs",
      "file": "cmdk.js",
      "fileHash": "67ddd080",
      "needsInterop": false
    },
    "embla-carousel-react": {
      "src": "../../embla-carousel-react/esm/embla-carousel-react.esm.js",
      "file": "embla-carousel-react.js",
      "fileHash": "e6f85a54",
      "needsInterop": false
    },
    "input-otp": {
      "src": "../../input-otp/dist/index.mjs",
      "file": "input-otp.js",
      "fileHash": "915f8f71",
      "needsInterop": false
    },
    "lucide-react": {
      "src": "../../lucide-react/dist/esm/lucide-react.js",
      "file": "lucide-react.js",
      "fileHash": "04a9011a",
      "needsInterop": false
    },
    "next-themes": {
      "src": "../../next-themes/dist/index.mjs",
      "file": "next-themes.js",
      "fileHash": "11bda2ed",
      "needsInterop": false
    },
    "react-day-picker": {
      "src": "../../react-day-picker/dist/esm/index.js",
      "file": "react-day-picker.js",
      "fileHash": "4256f53d",
      "needsInterop": false
    },
    "react-hook-form": {
      "src": "../../react-hook-form/dist/index.esm.mjs",
      "file": "react-hook-form.js",
      "fileHash": "599507bc",
      "needsInterop": false
    },
    "react-resizable-panels": {
      "src": "../../react-resizable-panels/dist/react-resizable-panels.browser.development.js",
      "file": "react-resizable-panels.js",
      "fileHash": "3dc1967d",
      "needsInterop": false
    },
    "recharts": {
      "src": "../../recharts/es6/index.js",
      "file": "recharts.js",
      "fileHash": "42d6f486",
      "needsInterop": false
    },
    "sonner": {
      "src": "../../sonner/dist/index.mjs",
      "file": "sonner.js",
      "fileHash": "b59876d5",
      "needsInterop": false
    },
    "tailwind-merge": {
      "src": "../../tailwind-merge/dist/bundle-mjs.mjs",
      "file": "tailwind-merge.js",
      "fileHash": "8e45aa7a",
      "needsInterop": false
    },
    "vaul": {
      "src": "../../vaul/dist/index.mjs",
      "file": "vaul.js",
      "fileHash": "9f1d5f91",
      "needsInterop": false
    }
  },
  "chunks": {
    "chunk-U7P2NEEE": {
      "file": "chunk-U7P2NEEE.js"
    },
    "chunk-6ZMM2PAV": {
      "file": "chunk-6ZMM2PAV.js"
    },
    "chunk-FVPA37GV": {
      "file": "chunk-FVPA37GV.js"
    },
    "chunk-6MMAXDTD": {
      "file": "chunk-6MMAXDTD.js"
    },
    "chunk-RCNA3WZR": {
      "file": "chunk-RCNA3WZR.js"
    },
    "chunk-74NEE2QF": {
      "file": "chunk-74NEE2QF.js"
    },
    "chunk-SAMVSM22": {
      "file": "chunk-SAMVSM22.js"
    },
    "chunk-3Z54LYP6": {
      "file": "chunk-3Z54LYP6.js"
    },
    "chunk-KWRGRK7X": {
      "file": "chunk-KWRGRK7X.js"
    },
    "chunk-OPONFZA3": {
      "file": "chunk-OPONFZA3.js"
    },
    "chunk-L6ZY4NNY": {
      "file": "chunk-L6ZY4NNY.js"
    },
    "chunk-FZJXVMCH": {
      "file": "chunk-FZJXVMCH.js"
    },
    "chunk-ERINFNV3": {
      "file": "chunk-ERINFNV3.js"
    },
    "chunk-MGOVWKJS": {
      "file": "chunk-MGOVWKJS.js"
    },
    "chunk-QRFAPQO3": {
      "file": "chunk-QRFAPQO3.js"
    },
    "chunk-SN7HBDFX": {
      "file": "chunk-SN7HBDFX.js"
    },
    "chunk-TO6ZGO4S": {
      "file": "chunk-TO6ZGO4S.js"
    },
    "chunk-SA26UXSM": {
      "file": "chunk-SA26UXSM.js"
    },
    "chunk-B256W5QW": {
      "file": "chunk-B256W5QW.js"
    },
    "chunk-TKP3J66X": {
      "file": "chunk-TKP3J66X.js"
    },
    "chunk-5Q5YC75F": {
      "file": "chunk-5Q5YC75F.js"
    },
    "chunk-LQU5UVUU": {
      "file": "chunk-LQU5UVUU.js"
    },
    "chunk-LT73IJ6Q": {
      "file": "chunk-LT73IJ6Q.js"
    },
    "chunk-CXTKFV74": {
      "file": "chunk-CXTKFV74.js"
    },
    "chunk-HNQ2JAKP": {
      "file": "chunk-HNQ2JAKP.js"
    },
    "chunk-MANNBT4V": {
      "file": "chunk-MANNBT4V.js"
    },
    "chunk-MR5CW7VY": {
      "file": "chunk-MR5CW7VY.js"
    },
    "chunk-NZP3G7XT": {
      "file": "chunk-NZP3G7XT.js"
    },
    "chunk-DC5AMYBS": {
      "file": "chunk-DC5AMYBS.js"
    }
  }
}