{
  "hash": "b2686afb",
  "configHash": "fd04c296",
  "lockfileHash": "42db2f35",
  "browserHash": "8db35be4",
  "optimized": {
    "@astrojs/react/client.js": {
      "src": "../../@astrojs/react/dist/client.js",
      "file": "@astrojs_react_client__js.js",
      "fileHash": "195506e1",
      "needsInterop": false
    },
    "react": {
      "src": "../../react/index.js",
      "file": "react.js",
      "fileHash": "145cc8cc",
      "needsInterop": true
    },
    "react-dom": {
      "src": "../../react-dom/index.js",
      "file": "react-dom.js",
      "fileHash": "e057aaab",
      "needsInterop": true
    },
    "react/jsx-dev-runtime": {
      "src": "../../react/jsx-dev-runtime.js",
      "file": "react_jsx-dev-runtime.js",
      "fileHash": "cd77fcc5",
      "needsInterop": true
    },
    "react/jsx-runtime": {
      "src": "../../react/jsx-runtime.js",
      "file": "react_jsx-runtime.js",
      "fileHash": "1e723d86",
      "needsInterop": true
    },
    "astro > cssesc": {
      "src": "../../cssesc/cssesc.js",
      "file": "astro___cssesc.js",
      "fileHash": "d211f6c8",
      "needsInterop": true
    },
    "astro > aria-query": {
      "src": "../../aria-query/lib/index.js",
      "file": "astro___aria-query.js",
      "fileHash": "e1156e9f",
      "needsInterop": true
    },
    "astro > axobject-query": {
      "src": "../../axobject-query/lib/index.js",
      "file": "astro___axobject-query.js",
      "fileHash": "f57a3273",
      "needsInterop": true
    }
  },
  "chunks": {
    "chunk-AUFLGUIX": {
      "file": "chunk-AUFLGUIX.js"
    },
    "chunk-PSQR3SVX": {
      "file": "chunk-PSQR3SVX.js"
    },
    "chunk-5WRI5ZAA": {
      "file": "chunk-5WRI5ZAA.js"
    }
  }
}