{
  "hash": "5bf041ba",
  "configHash": "1639971e",
  "lockfileHash": "42db2f35",
  "browserHash": "f497b547",
  "optimized": {
    "@astrojs/react/client.js": {
      "src": "../../@astrojs/react/dist/client.js",
      "file": "@astrojs_react_client__js.js",
      "fileHash": "cb1e1b5f",
      "needsInterop": false
    },
    "react": {
      "src": "../../react/index.js",
      "file": "react.js",
      "fileHash": "1649390f",
      "needsInterop": true
    },
    "react-dom": {
      "src": "../../react-dom/index.js",
      "file": "react-dom.js",
      "fileHash": "f5d72fc4",
      "needsInterop": true
    },
    "react/jsx-dev-runtime": {
      "src": "../../react/jsx-dev-runtime.js",
      "file": "react_jsx-dev-runtime.js",
      "fileHash": "fb59d55d",
      "needsInterop": true
    },
    "react/jsx-runtime": {
      "src": "../../react/jsx-runtime.js",
      "file": "react_jsx-runtime.js",
      "fileHash": "97f445e3",
      "needsInterop": true
    },
    "astro > cssesc": {
      "src": "../../cssesc/cssesc.js",
      "file": "astro___cssesc.js",
      "fileHash": "fdabb9c9",
      "needsInterop": true
    },
    "astro > aria-query": {
      "src": "../../aria-query/lib/index.js",
      "file": "astro___aria-query.js",
      "fileHash": "5ad2a4ee",
      "needsInterop": true
    },
    "astro > axobject-query": {
      "src": "../../axobject-query/lib/index.js",
      "file": "astro___axobject-query.js",
      "fileHash": "927dd82b",
      "needsInterop": true
    },
    "@radix-ui/react-accordion": {
      "src": "../../@radix-ui/react-accordion/dist/index.mjs",
      "file": "@radix-ui_react-accordion.js",
      "fileHash": "40635b32",
      "needsInterop": false
    },
    "@radix-ui/react-alert-dialog": {
      "src": "../../@radix-ui/react-alert-dialog/dist/index.mjs",
      "file": "@radix-ui_react-alert-dialog.js",
      "fileHash": "b3c45505",
      "needsInterop": false
    },
    "@radix-ui/react-aspect-ratio": {
      "src": "../../@radix-ui/react-aspect-ratio/dist/index.mjs",
      "file": "@radix-ui_react-aspect-ratio.js",
      "fileHash": "345a0f15",
      "needsInterop": false
    },
    "@radix-ui/react-avatar": {
      "src": "../../@radix-ui/react-avatar/dist/index.mjs",
      "file": "@radix-ui_react-avatar.js",
      "fileHash": "b594301c",
      "needsInterop": false
    },
    "@radix-ui/react-checkbox": {
      "src": "../../@radix-ui/react-checkbox/dist/index.mjs",
      "file": "@radix-ui_react-checkbox.js",
      "fileHash": "ce25bafb",
      "needsInterop": false
    },
    "@radix-ui/react-collapsible": {
      "src": "../../@radix-ui/react-collapsible/dist/index.mjs",
      "file": "@radix-ui_react-collapsible.js",
      "fileHash": "7678643c",
      "needsInterop": false
    },
    "@radix-ui/react-context-menu": {
      "src": "../../@radix-ui/react-context-menu/dist/index.mjs",
      "file": "@radix-ui_react-context-menu.js",
      "fileHash": "9def9b82",
      "needsInterop": false
    },
    "@radix-ui/react-dialog": {
      "src": "../../@radix-ui/react-dialog/dist/index.mjs",
      "file": "@radix-ui_react-dialog.js",
      "fileHash": "4bf9d1ca",
      "needsInterop": false
    },
    "@radix-ui/react-dropdown-menu": {
      "src": "../../@radix-ui/react-dropdown-menu/dist/index.mjs",
      "file": "@radix-ui_react-dropdown-menu.js",
      "fileHash": "6a94986a",
      "needsInterop": false
    },
    "@radix-ui/react-hover-card": {
      "src": "../../@radix-ui/react-hover-card/dist/index.mjs",
      "file": "@radix-ui_react-hover-card.js",
      "fileHash": "429e0519",
      "needsInterop": false
    },
    "@radix-ui/react-label": {
      "src": "../../@radix-ui/react-label/dist/index.mjs",
      "file": "@radix-ui_react-label.js",
      "fileHash": "0bc58679",
      "needsInterop": false
    },
    "@radix-ui/react-menubar": {
      "src": "../../@radix-ui/react-menubar/dist/index.mjs",
      "file": "@radix-ui_react-menubar.js",
      "fileHash": "56ef6e28",
      "needsInterop": false
    },
    "@radix-ui/react-navigation-menu": {
      "src": "../../@radix-ui/react-navigation-menu/dist/index.mjs",
      "file": "@radix-ui_react-navigation-menu.js",
      "fileHash": "d09d70c7",
      "needsInterop": false
    },
    "@radix-ui/react-popover": {
      "src": "../../@radix-ui/react-popover/dist/index.mjs",
      "file": "@radix-ui_react-popover.js",
      "fileHash": "2bf94592",
      "needsInterop": false
    },
    "@radix-ui/react-progress": {
      "src": "../../@radix-ui/react-progress/dist/index.mjs",
      "file": "@radix-ui_react-progress.js",
      "fileHash": "4a6a29da",
      "needsInterop": false
    },
    "@radix-ui/react-radio-group": {
      "src": "../../@radix-ui/react-radio-group/dist/index.mjs",
      "file": "@radix-ui_react-radio-group.js",
      "fileHash": "c8f1f011",
      "needsInterop": false
    },
    "@radix-ui/react-scroll-area": {
      "src": "../../@radix-ui/react-scroll-area/dist/index.mjs",
      "file": "@radix-ui_react-scroll-area.js",
      "fileHash": "6bcc98d7",
      "needsInterop": false
    },
    "@radix-ui/react-select": {
      "src": "../../@radix-ui/react-select/dist/index.mjs",
      "file": "@radix-ui_react-select.js",
      "fileHash": "8d9e49eb",
      "needsInterop": false
    },
    "@radix-ui/react-separator": {
      "src": "../../@radix-ui/react-separator/dist/index.mjs",
      "file": "@radix-ui_react-separator.js",
      "fileHash": "11329fe7",
      "needsInterop": false
    },
    "@radix-ui/react-slider": {
      "src": "../../@radix-ui/react-slider/dist/index.mjs",
      "file": "@radix-ui_react-slider.js",
      "fileHash": "9b119028",
      "needsInterop": false
    },
    "@radix-ui/react-slot": {
      "src": "../../@radix-ui/react-slot/dist/index.mjs",
      "file": "@radix-ui_react-slot.js",
      "fileHash": "109ec703",
      "needsInterop": false
    },
    "@radix-ui/react-switch": {
      "src": "../../@radix-ui/react-switch/dist/index.mjs",
      "file": "@radix-ui_react-switch.js",
      "fileHash": "6ada0daa",
      "needsInterop": false
    },
    "@radix-ui/react-tabs": {
      "src": "../../@radix-ui/react-tabs/dist/index.mjs",
      "file": "@radix-ui_react-tabs.js",
      "fileHash": "5839d998",
      "needsInterop": false
    },
    "@radix-ui/react-toggle": {
      "src": "../../@radix-ui/react-toggle/dist/index.mjs",
      "file": "@radix-ui_react-toggle.js",
      "fileHash": "0cccb144",
      "needsInterop": false
    },
    "@radix-ui/react-toggle-group": {
      "src": "../../@radix-ui/react-toggle-group/dist/index.mjs",
      "file": "@radix-ui_react-toggle-group.js",
      "fileHash": "6a0ae09b",
      "needsInterop": false
    },
    "@radix-ui/react-tooltip": {
      "src": "../../@radix-ui/react-tooltip/dist/index.mjs",
      "file": "@radix-ui_react-tooltip.js",
      "fileHash": "79d0c423",
      "needsInterop": false
    },
    "class-variance-authority": {
      "src": "../../class-variance-authority/dist/index.mjs",
      "file": "class-variance-authority.js",
      "fileHash": "c11157ad",
      "needsInterop": false
    },
    "clsx": {
      "src": "../../clsx/dist/clsx.mjs",
      "file": "clsx.js",
      "fileHash": "1fce66d8",
      "needsInterop": false
    },
    "cmdk": {
      "src": "../../cmdk/dist/index.mjs",
      "file": "cmdk.js",
      "fileHash": "2d502ace",
      "needsInterop": false
    },
    "embla-carousel-react": {
      "src": "../../embla-carousel-react/esm/embla-carousel-react.esm.js",
      "file": "embla-carousel-react.js",
      "fileHash": "2ecb3272",
      "needsInterop": false
    },
    "input-otp": {
      "src": "../../input-otp/dist/index.mjs",
      "file": "input-otp.js",
      "fileHash": "d2e9041f",
      "needsInterop": false
    },
    "lucide-react": {
      "src": "../../lucide-react/dist/esm/lucide-react.js",
      "file": "lucide-react.js",
      "fileHash": "ffb5f796",
      "needsInterop": false
    },
    "next-themes": {
      "src": "../../next-themes/dist/index.mjs",
      "file": "next-themes.js",
      "fileHash": "6927be13",
      "needsInterop": false
    },
    "react-day-picker": {
      "src": "../../react-day-picker/dist/esm/index.js",
      "file": "react-day-picker.js",
      "fileHash": "793d4cc5",
      "needsInterop": false
    },
    "react-hook-form": {
      "src": "../../react-hook-form/dist/index.esm.mjs",
      "file": "react-hook-form.js",
      "fileHash": "a989fc29",
      "needsInterop": false
    },
    "react-resizable-panels": {
      "src": "../../react-resizable-panels/dist/react-resizable-panels.browser.development.js",
      "file": "react-resizable-panels.js",
      "fileHash": "bff0f443",
      "needsInterop": false
    },
    "recharts": {
      "src": "../../recharts/es6/index.js",
      "file": "recharts.js",
      "fileHash": "b497db59",
      "needsInterop": false
    },
    "sonner": {
      "src": "../../sonner/dist/index.mjs",
      "file": "sonner.js",
      "fileHash": "2de91104",
      "needsInterop": false
    },
    "tailwind-merge": {
      "src": "../../tailwind-merge/dist/bundle-mjs.mjs",
      "file": "tailwind-merge.js",
      "fileHash": "6b5d890c",
      "needsInterop": false
    },
    "vaul": {
      "src": "../../vaul/dist/index.mjs",
      "file": "vaul.js",
      "fileHash": "e5c1998d",
      "needsInterop": false
    }
  },
  "chunks": {
    "chunk-U7P2NEEE": {
      "file": "chunk-U7P2NEEE.js"
    },
    "chunk-6ZMM2PAV": {
      "file": "chunk-6ZMM2PAV.js"
    },
    "chunk-FVPA37GV": {
      "file": "chunk-FVPA37GV.js"
    },
    "chunk-6MMAXDTD": {
      "file": "chunk-6MMAXDTD.js"
    },
    "chunk-ERINFNV3": {
      "file": "chunk-ERINFNV3.js"
    },
    "chunk-RCNA3WZR": {
      "file": "chunk-RCNA3WZR.js"
    },
    "chunk-74NEE2QF": {
      "file": "chunk-74NEE2QF.js"
    },
    "chunk-22LFDOAA": {
      "file": "chunk-22LFDOAA.js"
    },
    "chunk-OHRKIP4G": {
      "file": "chunk-OHRKIP4G.js"
    },
    "chunk-KWRGRK7X": {
      "file": "chunk-KWRGRK7X.js"
    },
    "chunk-MGOVWKJS": {
      "file": "chunk-MGOVWKJS.js"
    },
    "chunk-QRFAPQO3": {
      "file": "chunk-QRFAPQO3.js"
    },
    "chunk-SN7HBDFX": {
      "file": "chunk-SN7HBDFX.js"
    },
    "chunk-OPONFZA3": {
      "file": "chunk-OPONFZA3.js"
    },
    "chunk-L6ZY4NNY": {
      "file": "chunk-L6ZY4NNY.js"
    },
    "chunk-TO6ZGO4S": {
      "file": "chunk-TO6ZGO4S.js"
    },
    "chunk-SA26UXSM": {
      "file": "chunk-SA26UXSM.js"
    },
    "chunk-FZJXVMCH": {
      "file": "chunk-FZJXVMCH.js"
    },
    "chunk-B256W5QW": {
      "file": "chunk-B256W5QW.js"
    },
    "chunk-TKP3J66X": {
      "file": "chunk-TKP3J66X.js"
    },
    "chunk-5Q5YC75F": {
      "file": "chunk-5Q5YC75F.js"
    },
    "chunk-LQU5UVUU": {
      "file": "chunk-LQU5UVUU.js"
    },
    "chunk-LT73IJ6Q": {
      "file": "chunk-LT73IJ6Q.js"
    },
    "chunk-CXTKFV74": {
      "file": "chunk-CXTKFV74.js"
    },
    "chunk-HNQ2JAKP": {
      "file": "chunk-HNQ2JAKP.js"
    },
    "chunk-MANNBT4V": {
      "file": "chunk-MANNBT4V.js"
    },
    "chunk-MR5CW7VY": {
      "file": "chunk-MR5CW7VY.js"
    },
    "chunk-NZP3G7XT": {
      "file": "chunk-NZP3G7XT.js"
    },
    "chunk-DC5AMYBS": {
      "file": "chunk-DC5AMYBS.js"
    }
  }
}